{
  "model_name": "asclena_xgboost_risk",
  "model_version": "20260429T184534Z",
  "feature_count": 51,
  "train_rows": 272055,
  "validation_rows": 68014,
  "test_rows": 85018,
  "positive_train_rows": 131898,
  "negative_train_rows": 140157,
  "scale_pos_weight": 1.0626165673474959,
  "classification_threshold": 0.4,
  "calibration_method": "isotonic",
  "best_iteration": 299,
  "roc_auc": 0.8667676828320842,
  "pr_auc": 0.8558248485275708,
  "brier_score": 0.1484319477756245,
  "accuracy": 0.7754240278529253,
  "precision": 0.7321038939241357,
  "recall": 0.8465756083359616,
  "f1_score": 0.7851895188056208,
  "confusion_matrix_tn": 31030,
  "confusion_matrix_fp": 12769,
  "confusion_matrix_fn": 6324,
  "confusion_matrix_tp": 34895
}