{
  "model_name": "asclena_xgboost_risk_v2",
  "model_version": "20260430T145844Z",
  "feature_count": 67,
  "train_rows": 272055,
  "validation_rows": 68014,
  "test_rows": 85018,
  "positive_train_rows": 131898,
  "negative_train_rows": 140157,
  "scale_pos_weight": 1.0626165673474959,
  "classification_threshold": 0.4,
  "calibration_method": "isotonic",
  "best_iteration": 299,
  "roc_auc": 0.8771619007417816,
  "pr_auc": 0.8636019177784925,
  "brier_score": 0.14234692512823083,
  "accuracy": 0.7877861158813427,
  "precision": 0.745680425703322,
  "recall": 0.8533200708411169,
  "f1_score": 0.7958772684074761,
  "confusion_matrix_tn": 31803,
  "confusion_matrix_fp": 11996,
  "confusion_matrix_fn": 6046,
  "confusion_matrix_tp": 35173
}